adf34,adf34@duke.eduafl92,afl92@duke.eduakp56,akp56@duke.eduanv86,anv86@duke.eduaqe74,aqe74@duke.eduaqo52,aqo52@duke.eduass23,ass23@duke.eduass68,ass68@duke.edubbo99,bbo99@duke.edublg82,blg82@duke.edublr96,blr96@duke.edubni59,bni59@duke.edubqn74,bqn74@duke.edubrq14,brq14@duke.edubtc88,btc88@duke.edubum67,bum67@duke.edubut01,but01@duke.educbe04,cbe04@duke.educbu46,cbu46@duke.educgn72,cgn72@duke.educho01,cho01@duke.educpm53,cpm53@duke.educqc08,cqc08@duke.educqp90,cqp90@duke.educqr35,cqr35@duke.educvu32,cvu32@duke.edudal71,dal71@duke.edudbe61,dbe61@duke.eduddr65,ddr65@duke.edudfr98,dfr98@duke.edudjd90,djd90@duke.edudjp32,djp32@duke.edudkh20,dkh20@duke.edudni62,dni62@duke.edudpp57,dpp57@duke.edudqq41,dqq41@duke.edudrn15,drn15@duke.eduecj13,ecj13@duke.eduecl99,ecl99@duke.eduedf68,edf68@duke.edueei93,eei93@duke.eduefo33,efo33@duke.edueik51,eik51@duke.eduekb85,ekb85@duke.eduelq82,elq82@duke.eduenf82,enf82@duke.eduepc31,epc31@duke.edueqi06,eqi06@duke.edueqm48,eqm48@duke.eduesr75,esr75@duke.edueta77,eta77@duke.edufbh84,fbh84@duke.edufds89,fds89@duke.edufjb11,fjb11@duke.edufmh86,fmh86@duke.edufoi99,foi99@duke.edufpg06,fpg06@duke.edufpo75,fpo75@duke.edufsj80,fsj80@duke.eduftl08,ftl08@duke.edufvt47,fvt47@duke.edugad70,gad70@duke.edugbg23,gbg23@duke.edugdf76,gdf76@duke.edugir05,gir05@duke.eduglc73,glc73@duke.edugns90,gns90@duke.edugpl35,gpl35@duke.eduheq18,heq18@duke.eduhhg29,hhg29@duke.eduhio09,hio09@duke.eduhiv05,hiv05@duke.eduhjv09,hjv09@duke.eduhlb01,hlb01@duke.eduhmm37,hmm37@duke.eduhrc82,hrc82@duke.eduhsm27,hsm27@duke.eduhss09,hss09@duke.eduhsu27,hsu27@duke.eduihp51,ihp51@duke.eduijm23,ijm23@duke.eduinv55,inv55@duke.eduipr59,ipr59@duke.eduiqr63,iqr63@duke.edujeq91,jeq91@duke.edujeu23,jeu23@duke.edujfm26,jfm26@duke.edujga59,jga59@duke.edujgb51,jgb51@duke.edujhl26,jhl26@duke.edujmd38,jmd38@duke.edujnv08,jnv08@duke.edujnv95,jnv95@duke.edukaj29,kaj29@duke.edukgh06,kgh06@duke.edukij53,kij53@duke.edukkc51,kkc51@duke.edukks23,kks23@duke.edukok44,kok44@duke.eduktb45,ktb45@duke.edulbo57,lbo57@duke.eduldi98,ldi98@duke.edulet77,let77@duke.edulho57,lho57@duke.edulop91,lop91@duke.edulov05,lov05@duke.edulqe99,lqe99@duke.eduluf05,luf05@duke.edulug02,lug02@duke.edumah78,mah78@duke.edumbu02,mbu02@duke.edumhe33,mhe33@duke.edumka84,mka84@duke.edumlh16,mlh16@duke.edummm69,mmm69@duke.edumns16,mns16@duke.edumrf49,mrf49@duke.edumrr25,mrr25@duke.eduncg11,ncg11@duke.edunil13,nil13@duke.edunju31,nju31@duke.edunkb50,nkb50@duke.edunkf06,nkf06@duke.edunpg66,npg66@duke.edunrd31,nrd31@duke.eduoac29,oac29@duke.eduoar66,oar66@duke.eduoes57,oes57@duke.eduoiv36,oiv36@duke.eduojf99,ojf99@duke.eduoki37,oki37@duke.eduonf14,onf14@duke.eduoqn17,oqn17@duke.eduorp03,orp03@duke.eduoth98,oth98@duke.eduove60,ove60@duke.eduovp15,ovp15@duke.edupat40,pat40@duke.edupdv89,pdv89@duke.edupft01,pft01@duke.edupit91,pit91@duke.edupjm89,pjm89@duke.edupph67,pph67@duke.edupst56,pst56@duke.eduptf28,ptf28@duke.eduqdc23,qdc23@duke.eduqdg13,qdg13@duke.eduqei46,qei46@duke.eduqfg71,qfg71@duke.eduqfo73,qfo73@duke.eduqgd29,qgd29@duke.eduqgp86,qgp86@duke.eduqnq41,qnq41@duke.eduqpv78,qpv78@duke.eduqqk55,qqk55@duke.eduqun31,qun31@duke.eduqvm26,qvm26@duke.eduraa02,raa02@duke.edurfg30,rfg30@duke.edurll65,rll65@duke.edurlt67,rlt67@duke.edurmr80,rmr80@duke.edurnc94,rnc94@duke.edursc90,rsc90@duke.edusab93,sab93@duke.edusjf86,sjf86@duke.edusjg13,sjg13@duke.eduskg41,skg41@duke.edusmd25,smd25@duke.edusqb89,sqb89@duke.edusse78,sse78@duke.edussm55,ssm55@duke.edusut27,sut27@duke.edutef06,tef06@duke.edutfl63,tfl63@duke.edutlo17,tlo17@duke.edutmr46,tmr46@duke.edutoo78,too78@duke.edutpo79,tpo79@duke.edutsp74,tsp74@duke.edutvp88,tvp88@duke.eduuas40,uas40@duke.eduubu97,ubu97@duke.eduueb91,ueb91@duke.eduugh09,ugh09@duke.eduujv29,ujv29@duke.eduule88,ule88@duke.eduunm93,unm93@duke.eduurr49,urr49@duke.eduvai07,vai07@duke.eduver28,ver28@duke.eduvkv49,vkv49@duke.eduvlh76,vlh76@duke.eduvnt66,vnt66@duke.eduvob41,vob41@duke.eduvtc37,vtc37@duke.eduvtf32,vtf32@duke.eduvtl68,vtl68@duke.eduvtn65,vtn65@duke.eduvtt71,vtt71@duke.edu